Black & White,Bliss,Clinical,Cool Kick,Deo Even Tone,Deo Men,Dry Rollon,Hijab,Men Deep,Pearl & Beauty,Skin Hero,X-Range,Cellular,Epigenetics,Facial,Luminous 630,Q10,C&HYA,Acne,Rose Care,Micellar,Daily Essentials,APC,Body Aloe,Body Milk,Dark Skin,Extra Bright,Natural Glow,Repair & Care,Vitamin Range,Lip,Deep,Men,Sensitive,Protect & Moisture,Sun,UV Face,
Black & White,Bliss,Clinical,Cool Kick,Extra Bright,Rollon Men,Dry Rollon,Hijab Fresh,Deep,Pearl & Beauty,Skin Power (Hero),Derma Control,Cellular Bakuchiol,Swan Lake,Skin Gin,Luminous Launch India,Q10 Guardian,C&HYA,Genzit,Petals 2022,Micellar Aminoacids,Daily Essentials,Skin Hero (THA),Body Aloe Summer,Body Milk 5 in 1,Radiant Beauty,Bright Signature,Natural Glow,Repair & Care,Super 10,Lip,Deep Cleansing,DSR Range,Sensitive Moisture,Protect & Moisture,Sun Range,UV Face,
Black & White Male,,Fendi,,Deo Even Tone Range,,,,,,,Social AWON,Genie,Elsa,Potinhos,Orionis,Q10 Skin Diet,Fanta,Derma Skin Clear,,Micellar+,,Lifecycle,,Harmattan,Zuri,Extra Bright Starwalker,,Hera,Unicorn Super 10,Disney,Deep X-Cat,Vitamin Scrub,,Ghostbuster,,Milka,
Black & White Female,,,,Clinical Even Tone,,,,,,,Search AWON,Cellular Filler,,,Lucia,Neige,,Acne Control,,EMUR,,Soft,,Northern Lights,,,,,C&E Tata,,Deep Moisturizing,NM Moisture Challenge,,Nemo,,Korea,
Grand Slam,,,,Zazil ,,,,,,,,Speedy Gonzales,,,Sirena,Q10 Range,,Claro,,Micellar Siri,,Tetris,,Core Asean,,,,,Super 8 Core,,,Auto-Matic Deep,,,,UV Specialist,
,,,,Sachet,,,,,,,,,,,50 Shades,Next Gen,,Bright Oil Clear,,Micellar Melange,,Soft UV,,Iconova,,,,,Golden Fruit,,,,,,,C&E,
,,,,,,,,,,,,,,,Stardust,Elevator,,,,Micellar Core,,Crème,,Phoenix,,,,,C&AHA and Super C+,,,,,,,Tinder,
,,,,,,,,,,,,,,,Stargate,Q10 Skinclock & Moonlight,,,,Micellar Siri 2.0,,Crème Round 2,,,,,,,,,,,,,,Subelieavable UV,
,,,,,,,,,,,,,,,Midnight Gold,Q10 Body,,,,Micellar Pearl Bright,,Soft UV Ozonio,,,,,,,,,,,,,,,
,,,,,,,,,,,,,,,Polaris,,,,,Micellar Extra,,Neverland,,,,,,,,,,,,,,,
,,,,,,,,,,,,,,,Sirius,,,,,,,,,,,,,,,,,,,,,,