Deo,Face Care,Face Cleansing,Hand Body,Lip,Men,Sun,X-Cat
Black & White,Cellular,Acne,APC,Lip,Acne,Protect & Moisture,X-Range
Bliss,Epigenetics,Rose Care,Body Aloe,,Deep,Sun,
Clinical,Facial,C&HYA,Body Milk,,Extra Bright,UV Face,
Cool Kick,Luminous 630,Micellar,Dark Skin,,Men,,
Deo Even Tone,Q10,Daily Essentials,Extra Bright,,Sensitive,,
Deo Men,C&HYA,,Luminous 630,,,,
Dry Rollon,,,Natural Glow,,,,
Hijab,,,Q10,,,,
Men Deep,,,Repair & Care,,,,
Pearl & Beauty,,,Vitamin Range,,,,
Skin Hero,,,,,,,
X-Range,,,,,,,